GeranCellId,Parameter,ext_Value,int_Value,e_NodeId,i_NodeId,equal,IsNumeric,part_2
CGMIRF7B,bcc,,0,CBEC5,CBEB0,False,False,bcc:0
CC0XI7A,bcc,,0,CBEC4,CBEC0,False,False,bcc:0
CMBRRC8A,bcc,,1,DBEA5,DBEA1,False,False,bcc:1
CGMIRF7C,bcc,,1,CBEA8,CBEB0,False,False,bcc:1
CGMIRF7B,bcchNo,,78,CBEC5,CBEB0,False,False,bcchNo:78
CC4D29A,bcchNo,1022.0,76,CBEC0,CBEC4,False,False,bcchNo:76
CC0XI7A,bcchNo,,76,CBEC4,CBEC0,False,False,bcchNo:76
CC5M57C,bcchNo,1022.0,62,CBEB1,CBEC5,False,False,bcchNo:62
CMBRRC8A,bcchNo,,59,DBEA5,DBEA1,False,False,bcchNo:59
CGMIRF7C,bcchNo,,1023,CBEA8,CBEB0,False,False,bcchNo:1023
KCPNC04C,bcchNo,1019.0,79,DBEA3,CBEB1,False,False,bcchNo:79
CGMIRF7B,bsPwr,80,43,CBEC5,CBEB0,False,False,bsPwr:43
CGCDG67B,bsPwr,42,40,CBEC2,CBEB3,False,False,bsPwr:40
CC3O52A,bsPwr,42,40,CBEC2,CBEC3,False,False,bsPwr:40
CC3L74A,bsPwr,42,40,CBEC2,CBEC3,False,False,bsPwr:40
CC3L74B,bsPwr,42,40,CBEC2,CBEC3,False,False,bsPwr:40
CC3L74C,bsPwr,42,40,CBEC2,CBEC3,False,False,bsPwr:40
CC3O12A,bsPwr,42,40,CBEC2,CBEC3,False,False,bsPwr:40
CC3O12C,bsPwr,42,40,CBEC2,CBEC3,False,False,bsPwr:40
CC3O52C,bsPwr,42,40,CBEC2,CBEC3,False,False,bsPwr:40
CC3O68C,bsPwr,42,40,CBEC2,CBEC3,False,False,bsPwr:40
CC3B44C,bsPwr,42,43,CBEC2,CBEC3,False,False,bsPwr:43
CC3G60A,bsPwr,42,43,CBEC2,CBEC3,False,False,bsPwr:43
CC3885C,bsPwr,42,43,CBEC2,CBEC3,False,False,bsPwr:43
CC3063C,bsPwr,42,43,CBEC2,CBEC3,False,False,bsPwr:43
CC3B44A,bsPwr,42,40,CBEC2,CBEC3,False,False,bsPwr:40
CGCDG53C,bsPwr,42,43,CBEC2,CBEB3,False,False,bsPwr:43
CGCDG67C,bsPwr,42,40,CBEC2,CBEB3,False,False,bsPwr:40
CGCDG28C,bsPwr,42,43,CBEC2,CBEB3,False,False,bsPwr:43
CGCDG53B,bsPwr,42,43,CBEC2,CBEB3,False,False,bsPwr:43
CGCDG53A,bsPwr,42,43,CBEC2,CBEB3,False,False,bsPwr:43
CGBYZ16B,bsPwr,42,43,CBEC2,CBEB3,False,False,bsPwr:43
CGBYZ78B,bsPwr,42,40,CBEC2,CBEB3,False,False,bsPwr:40
CC0XI7A,bsPwr,80,40,CBEC4,CBEC0,False,False,bsPwr:40
LXRGN10C,bsPwr,42,43,DBEA2,CBEA5,False,False,bsPwr:43
DA5IF4B,bsPwr,42,40,DBEA4,DBEA5,False,False,bsPwr:40
DA5XY2B,bsPwr,42,40,DBEA4,DBEA5,False,False,bsPwr:40
DA5704C,bsPwr,42,43,DBEA4,DBEA5,False,False,bsPwr:43
DA5W39A,bsPwr,42,43,DBEA4,DBEA5,False,False,bsPwr:43
DA5BD7B,bsPwr,42,43,DBEA4,DBEA5,False,False,bsPwr:43
DA5454B,bsPwr,42,43,DBEA4,DBEA5,False,False,bsPwr:43
DA5454A,bsPwr,42,43,DBEA4,DBEA5,False,False,bsPwr:43
DA5136A,bsPwr,42,43,DBEA4,DBEA5,False,False,bsPwr:43
DA5NQ5A,bsPwr,42,40,DBEA4,DBEA5,False,False,bsPwr:40
DA5IF4A,bsPwr,42,40,DBEA4,DBEA5,False,False,bsPwr:40
DA5RB6B,bsPwr,42,40,DBEA4,DBEA5,False,False,bsPwr:40
DA5YK0B,bsPwr,42,43,DBEA4,DBEA5,False,False,bsPwr:43
DA5ZD8B,bsPwr,42,43,DBEA4,DBEA5,False,False,bsPwr:43
DA5QU8B,bsPwr,42,40,DBEA4,DBEA5,False,False,bsPwr:40
DA5704B,bsPwr,42,43,DBEA4,DBEA5,False,False,bsPwr:43
DA5BN1C,bsPwr,42,43,DBEA4,DBEA5,False,False,bsPwr:43
DA5YK0C,bsPwr,42,43,DBEA4,DBEA5,False,False,bsPwr:43
DA5C52B,bsPwr,42,43,DBEA4,DBEA5,False,False,bsPwr:43
DA5C19A,bsPwr,42,43,DBEA4,DBEA5,False,False,bsPwr:43
DA5136C,bsPwr,42,43,DBEA4,DBEA5,False,False,bsPwr:43
DA5A6TB,bsPwr,42,43,DBEA4,DBEA5,False,False,bsPwr:43
DA5BN1B,bsPwr,42,43,DBEA4,DBEA5,False,False,bsPwr:43
DA5BN1A,bsPwr,42,43,DBEA4,DBEA5,False,False,bsPwr:43
DA5QU8A,bsPwr,42,40,DBEA4,DBEA5,False,False,bsPwr:40
DA5731C,bsPwr,42,43,DBEA4,DBEA5,False,False,bsPwr:43
DA5V89C,bsPwr,42,43,DBEA4,DBEA5,False,False,bsPwr:43
DA5731B,bsPwr,42,43,DBEA4,DBEA5,False,False,bsPwr:43
DA5161B,bsPwr,42,43,DBEA4,DBEA5,False,False,bsPwr:43
DA5C12B,bsPwr,42,43,DBEA4,DBEA5,False,False,bsPwr:43
DA5WD7C,bsPwr,42,40,DBEA4,DBEA5,False,False,bsPwr:40
DA5161A,bsPwr,42,43,DBEA4,DBEA5,False,False,bsPwr:43
DA5161C,bsPwr,42,43,DBEA4,DBEA5,False,False,bsPwr:43
DA5136B,bsPwr,42,43,DBEA4,DBEA5,False,False,bsPwr:43
DA5WD7A,bsPwr,42,40,DBEA4,DBEA5,False,False,bsPwr:40
DA5WD7B,bsPwr,42,43,DBEA4,DBEA5,False,False,bsPwr:43
DA5XY2C,bsPwr,42,40,DBEA4,DBEA5,False,False,bsPwr:40
DA5NF3A,bsPwr,42,40,DBEA4,DBEA5,False,False,bsPwr:40
DA5NF3B,bsPwr,42,40,DBEA4,DBEA5,False,False,bsPwr:40
DA5BD7A,bsPwr,42,43,DBEA4,DBEA5,False,False,bsPwr:43
DA5704A,bsPwr,42,43,DBEA4,DBEA5,False,False,bsPwr:43
DA5V89A,bsPwr,42,43,DBEA4,DBEA5,False,False,bsPwr:43
DA5V89B,bsPwr,42,43,DBEA4,DBEA5,False,False,bsPwr:43
DA5748B,bsPwr,42,43,DBEA4,DBEA5,False,False,bsPwr:43
DA5ZM5C,bsPwr,42,43,DBEA4,DBEA5,False,False,bsPwr:43
DA5ZH2B,bsPwr,42,43,DBEA4,DBEA5,False,False,bsPwr:43
DA5530A,bsPwr,42,43,DBEA4,DBEA5,False,False,bsPwr:43
DA5C19B,bsPwr,42,43,DBEA4,DBEA5,False,False,bsPwr:43
DA5XY2A,bsPwr,42,40,DBEA4,DBEA5,False,False,bsPwr:40
NOSNM33A,bsPwr,42,43,DBEA4,CBEA5,False,False,bsPwr:43
LXRGN10B,bsPwr,42,43,DBEA5,CBEA5,False,False,bsPwr:43
CMMHG27B,bsPwr,42,40,DBEA5,CBEA5,False,False,bsPwr:40
CMNKT79A,bsPwr,42,40,DBEA5,DBEA4,False,False,bsPwr:40
CMNKT39A,bsPwr,42,40,DBEA5,DBEA4,False,False,bsPwr:40
LXRGN41B,bsPwr,42,40,DBEA5,CBEA5,False,False,bsPwr:40
CMBRRC8A,bsPwr,80,43,DBEA5,DBEA1,False,False,bsPwr:43
CGPCHD0A,bsPwr,42,43,CBEC3,CBEC2,False,False,bsPwr:43
CGPCHD0B,bsPwr,42,43,CBEC3,CBEC2,False,False,bsPwr:43
DA4YM6B,bsPwr,42,43,CBEA5,DBEA4,False,False,bsPwr:43
DA5A8AB,bsPwr,42,43,CBEA5,DBEA5,False,False,bsPwr:43
DA5452B,bsPwr,42,43,CBEA5,DBEA5,False,False,bsPwr:43
DA5C83B,bsPwr,42,43,CBEA5,DBEA5,False,False,bsPwr:43
DA5C83A,bsPwr,42,43,CBEA5,DBEA5,False,False,bsPwr:43
DA5NV9B,bsPwr,42,40,CBEA5,DBEA5,False,False,bsPwr:40
DA5E26B,bsPwr,42,43,CBEA5,DBEA5,False,False,bsPwr:43
DA2523A,bsPwr,42,43,CBEA5,DBEA2,False,False,bsPwr:43
DA2523B,bsPwr,42,43,CBEA5,DBEA2,False,False,bsPwr:43
DA2SG9A,bsPwr,42,40,CBEA5,DBEA2,False,False,bsPwr:40
DA4X61C,bsPwr,42,43,CBEA5,DBEA4,False,False,bsPwr:43
DA4072C,bsPwr,42,43,CBEA5,DBEA4,False,False,bsPwr:43
DA4072A,bsPwr,42,41,CBEA5,DBEA4,False,False,bsPwr:41
DA4777C,bsPwr,42,43,CBEA5,DBEA4,False,False,bsPwr:43
DA4V99B,bsPwr,42,43,CBEA5,DBEA4,False,False,bsPwr:43
DA4V99C,bsPwr,42,43,CBEA5,DBEA4,False,False,bsPwr:43
DA4V99A,bsPwr,42,43,CBEA5,DBEA4,False,False,bsPwr:43
DA4W72C,bsPwr,42,43,CBEA5,DBEA4,False,False,bsPwr:43
DA4GD7B,bsPwr,42,40,CBEA5,DBEA4,False,False,bsPwr:40
DA5NS7A,bsPwr,42,40,CBEA5,DBEA5,False,False,bsPwr:40
DA5SU4B,bsPwr,42,40,CBEA5,DBEA5,False,False,bsPwr:40
CA4217A,bsPwr,42,43,CBEA5,DBEA4,False,False,bsPwr:43
CGPCHD0A,bsPwr,42,43,CBEB3,CBEC2,False,False,bsPwr:43
CGPCHD0C,bsPwr,42,43,CBEB3,CBEC2,False,False,bsPwr:43
CGMIRF7C,bsPwr,80,43,CBEA8,CBEB0,False,False,bsPwr:43
CGMIRF7B,bsRxMin,150,96,CBEC5,CBEB0,False,False,bsRxMin:96
CGCDG67B,bsRxMin,150,96,CBEC2,CBEB3,False,False,bsRxMin:96
CC3O52A,bsRxMin,150,96,CBEC2,CBEC3,False,False,bsRxMin:96
CC3L74A,bsRxMin,150,96,CBEC2,CBEC3,False,False,bsRxMin:96
CC3L74B,bsRxMin,150,96,CBEC2,CBEC3,False,False,bsRxMin:96
CC3L74C,bsRxMin,150,96,CBEC2,CBEC3,False,False,bsRxMin:96
CC3O12A,bsRxMin,150,96,CBEC2,CBEC3,False,False,bsRxMin:96
CC3O12C,bsRxMin,150,96,CBEC2,CBEC3,False,False,bsRxMin:96
CC3O52C,bsRxMin,150,96,CBEC2,CBEC3,False,False,bsRxMin:96
CC3O68C,bsRxMin,150,96,CBEC2,CBEC3,False,False,bsRxMin:96
CC3B44C,bsRxMin,150,96,CBEC2,CBEC3,False,False,bsRxMin:96
CC3G60A,bsRxMin,150,96,CBEC2,CBEC3,False,False,bsRxMin:96
CC3885C,bsRxMin,150,96,CBEC2,CBEC3,False,False,bsRxMin:96
CC3063A,bsRxMin,150,96,CBEC2,CBEC3,False,False,bsRxMin:96
CC3063B,bsRxMin,150,96,CBEC2,CBEC3,False,False,bsRxMin:96
CC3063C,bsRxMin,150,96,CBEC2,CBEC3,False,False,bsRxMin:96
CC3B44A,bsRxMin,150,96,CBEC2,CBEC3,False,False,bsRxMin:96
CC3885B,bsRxMin,150,96,CBEC2,CBEC3,False,False,bsRxMin:96
CGCDG53C,bsRxMin,150,96,CBEC2,CBEB3,False,False,bsRxMin:96
CGCDG67C,bsRxMin,150,96,CBEC2,CBEB3,False,False,bsRxMin:96
CGCDG28C,bsRxMin,150,96,CBEC2,CBEB3,False,False,bsRxMin:96
CGCDG53B,bsRxMin,150,96,CBEC2,CBEB3,False,False,bsRxMin:96
CGCDG53A,bsRxMin,150,96,CBEC2,CBEB3,False,False,bsRxMin:96
CGBYZ16B,bsRxMin,150,96,CBEC2,CBEB3,False,False,bsRxMin:96
CGBYZ78B,bsRxMin,150,96,CBEC2,CBEB3,False,False,bsRxMin:96
CC0XI7A,bsRxMin,150,96,CBEC4,CBEC0,False,False,bsRxMin:96
LXRGN10C,bsRxMin,150,96,DBEA2,CBEA5,False,False,bsRxMin:96
DA5IF4B,bsRxMin,150,96,DBEA4,DBEA5,False,False,bsRxMin:96
DA5XY2B,bsRxMin,150,96,DBEA4,DBEA5,False,False,bsRxMin:96
DA5704C,bsRxMin,150,96,DBEA4,DBEA5,False,False,bsRxMin:96
DA5W39A,bsRxMin,150,96,DBEA4,DBEA5,False,False,bsRxMin:96
DA5BD7B,bsRxMin,150,96,DBEA4,DBEA5,False,False,bsRxMin:96
DA5454B,bsRxMin,150,96,DBEA4,DBEA5,False,False,bsRxMin:96
DA5454A,bsRxMin,150,96,DBEA4,DBEA5,False,False,bsRxMin:96
DA5136A,bsRxMin,150,96,DBEA4,DBEA5,False,False,bsRxMin:96
DA5NQ5A,bsRxMin,150,96,DBEA4,DBEA5,False,False,bsRxMin:96
DA5IF4A,bsRxMin,150,96,DBEA4,DBEA5,False,False,bsRxMin:96
DA5RB6B,bsRxMin,150,96,DBEA4,DBEA5,False,False,bsRxMin:96
DA5YK0B,bsRxMin,150,96,DBEA4,DBEA5,False,False,bsRxMin:96
DA5ZD8B,bsRxMin,150,96,DBEA4,DBEA5,False,False,bsRxMin:96
DA5QU8B,bsRxMin,150,96,DBEA4,DBEA5,False,False,bsRxMin:96
DA5704B,bsRxMin,150,96,DBEA4,DBEA5,False,False,bsRxMin:96
DA5BN1C,bsRxMin,150,96,DBEA4,DBEA5,False,False,bsRxMin:96
DA5YK0C,bsRxMin,150,96,DBEA4,DBEA5,False,False,bsRxMin:96
DA5C52B,bsRxMin,150,96,DBEA4,DBEA5,False,False,bsRxMin:96
DA5C19A,bsRxMin,150,96,DBEA4,DBEA5,False,False,bsRxMin:96
DA5136C,bsRxMin,150,96,DBEA4,DBEA5,False,False,bsRxMin:96
DA5A6TB,bsRxMin,150,96,DBEA4,DBEA5,False,False,bsRxMin:96
DA5BN1B,bsRxMin,150,96,DBEA4,DBEA5,False,False,bsRxMin:96
DA5BN1A,bsRxMin,150,96,DBEA4,DBEA5,False,False,bsRxMin:96
DA5QU8A,bsRxMin,150,96,DBEA4,DBEA5,False,False,bsRxMin:96
DA5731C,bsRxMin,150,96,DBEA4,DBEA5,False,False,bsRxMin:96
DA5V89C,bsRxMin,150,96,DBEA4,DBEA5,False,False,bsRxMin:96
DA5731B,bsRxMin,150,96,DBEA4,DBEA5,False,False,bsRxMin:96
DA5161B,bsRxMin,150,96,DBEA4,DBEA5,False,False,bsRxMin:96
DA5C12B,bsRxMin,150,96,DBEA4,DBEA5,False,False,bsRxMin:96
DA5WD7C,bsRxMin,150,96,DBEA4,DBEA5,False,False,bsRxMin:96
DA5161A,bsRxMin,150,96,DBEA4,DBEA5,False,False,bsRxMin:96
DA5161C,bsRxMin,150,96,DBEA4,DBEA5,False,False,bsRxMin:96
DA5136B,bsRxMin,150,96,DBEA4,DBEA5,False,False,bsRxMin:96
DA5WD7A,bsRxMin,150,96,DBEA4,DBEA5,False,False,bsRxMin:96
DA5WD7B,bsRxMin,150,96,DBEA4,DBEA5,False,False,bsRxMin:96
DA5XY2C,bsRxMin,150,96,DBEA4,DBEA5,False,False,bsRxMin:96
DA5NF3A,bsRxMin,150,96,DBEA4,DBEA5,False,False,bsRxMin:96
DA5NF3B,bsRxMin,150,96,DBEA4,DBEA5,False,False,bsRxMin:96
DA5BD7A,bsRxMin,150,96,DBEA4,DBEA5,False,False,bsRxMin:96
DA5704A,bsRxMin,150,96,DBEA4,DBEA5,False,False,bsRxMin:96
DA5V89A,bsRxMin,150,96,DBEA4,DBEA5,False,False,bsRxMin:96
DA5V89B,bsRxMin,150,96,DBEA4,DBEA5,False,False,bsRxMin:96
DA5748B,bsRxMin,150,96,DBEA4,DBEA5,False,False,bsRxMin:96
DA5ZM5C,bsRxMin,150,96,DBEA4,DBEA5,False,False,bsRxMin:96
DA5ZH2B,bsRxMin,150,96,DBEA4,DBEA5,False,False,bsRxMin:96
DA5530A,bsRxMin,150,96,DBEA4,DBEA5,False,False,bsRxMin:96
DA5C19B,bsRxMin,150,96,DBEA4,DBEA5,False,False,bsRxMin:96
DA5XY2A,bsRxMin,150,96,DBEA4,DBEA5,False,False,bsRxMin:96
NOSNM33A,bsRxMin,150,96,DBEA4,CBEA5,False,False,bsRxMin:96
NOCTK21A,bsRxMin,150,96,DBEA5,CBEA5,False,False,bsRxMin:96
LXRGN10B,bsRxMin,150,96,DBEA5,CBEA5,False,False,bsRxMin:96
CMMHG27B,bsRxMin,150,96,DBEA5,CBEA5,False,False,bsRxMin:96
CMNKT79A,bsRxMin,150,96,DBEA5,DBEA4,False,False,bsRxMin:96
CMNKT39A,bsRxMin,150,96,DBEA5,DBEA4,False,False,bsRxMin:96
LXRGN41B,bsRxMin,150,96,DBEA5,CBEA5,False,False,bsRxMin:96
CMBRRC8A,bsRxMin,150,96,DBEA5,DBEA1,False,False,bsRxMin:96
CGPCHD0A,bsRxMin,150,96,CBEC3,CBEC2,False,False,bsRxMin:96
CGPCHD0B,bsRxMin,150,96,CBEC3,CBEC2,False,False,bsRxMin:96
DA4YM6B,bsRxMin,150,96,CBEA5,DBEA4,False,False,bsRxMin:96
DA5A8AB,bsRxMin,150,96,CBEA5,DBEA5,False,False,bsRxMin:96
DA5452B,bsRxMin,150,96,CBEA5,DBEA5,False,False,bsRxMin:96
DA5C83B,bsRxMin,150,96,CBEA5,DBEA5,False,False,bsRxMin:96
DA5C83A,bsRxMin,150,96,CBEA5,DBEA5,False,False,bsRxMin:96
DA5NV9B,bsRxMin,150,96,CBEA5,DBEA5,False,False,bsRxMin:96
DA5E26B,bsRxMin,150,96,CBEA5,DBEA5,False,False,bsRxMin:96
DA2523A,bsRxMin,150,96,CBEA5,DBEA2,False,False,bsRxMin:96
DA2523B,bsRxMin,150,96,CBEA5,DBEA2,False,False,bsRxMin:96
DA2SG9A,bsRxMin,150,96,CBEA5,DBEA2,False,False,bsRxMin:96
DA4X61C,bsRxMin,150,96,CBEA5,DBEA4,False,False,bsRxMin:96
DA4072C,bsRxMin,150,96,CBEA5,DBEA4,False,False,bsRxMin:96
DA4072A,bsRxMin,150,96,CBEA5,DBEA4,False,False,bsRxMin:96
DA4777C,bsRxMin,150,96,CBEA5,DBEA4,False,False,bsRxMin:96
DA4V99B,bsRxMin,150,96,CBEA5,DBEA4,False,False,bsRxMin:96
DA4V99C,bsRxMin,150,96,CBEA5,DBEA4,False,False,bsRxMin:96
DA4V99A,bsRxMin,150,96,CBEA5,DBEA4,False,False,bsRxMin:96
DA4W72C,bsRxMin,150,96,CBEA5,DBEA4,False,False,bsRxMin:96
DA4GD7B,bsRxMin,150,96,CBEA5,DBEA4,False,False,bsRxMin:96
DA5NS7A,bsRxMin,150,96,CBEA5,DBEA5,False,False,bsRxMin:96
DA5SU4B,bsRxMin,150,96,CBEA5,DBEA5,False,False,bsRxMin:96
CA4217A,bsRxMin,150,96,CBEA5,DBEA4,False,False,bsRxMin:96
CGPCHD0A,bsRxMin,150,96,CBEB3,CBEC2,False,False,bsRxMin:96
CGPCHD0C,bsRxMin,150,96,CBEB3,CBEC2,False,False,bsRxMin:96
CGMIRF7C,bsRxMin,150,96,CBEA8,CBEB0,False,False,bsRxMin:96
CGCDG67B,bsRxSuff,105,150,CBEC2,CBEB3,False,False,bsRxSuff:150
CC3O52A,bsRxSuff,105,150,CBEC2,CBEC3,False,False,bsRxSuff:150
CC3L74A,bsRxSuff,105,150,CBEC2,CBEC3,False,False,bsRxSuff:150
CC3L74B,bsRxSuff,105,150,CBEC2,CBEC3,False,False,bsRxSuff:150
CC3L74C,bsRxSuff,105,150,CBEC2,CBEC3,False,False,bsRxSuff:150
CC3O12A,bsRxSuff,105,150,CBEC2,CBEC3,False,False,bsRxSuff:150
CC3O12C,bsRxSuff,105,150,CBEC2,CBEC3,False,False,bsRxSuff:150
CC3O52C,bsRxSuff,105,150,CBEC2,CBEC3,False,False,bsRxSuff:150
CC3O68C,bsRxSuff,105,150,CBEC2,CBEC3,False,False,bsRxSuff:150
CC3B44C,bsRxSuff,105,150,CBEC2,CBEC3,False,False,bsRxSuff:150
CC3G60A,bsRxSuff,105,150,CBEC2,CBEC3,False,False,bsRxSuff:150
CC3885C,bsRxSuff,105,150,CBEC2,CBEC3,False,False,bsRxSuff:150
CC3063A,bsRxSuff,105,150,CBEC2,CBEC3,False,False,bsRxSuff:150
CC3063B,bsRxSuff,105,150,CBEC2,CBEC3,False,False,bsRxSuff:150
CC3063C,bsRxSuff,105,150,CBEC2,CBEC3,False,False,bsRxSuff:150
CC3B44A,bsRxSuff,105,150,CBEC2,CBEC3,False,False,bsRxSuff:150
CC3885B,bsRxSuff,105,150,CBEC2,CBEC3,False,False,bsRxSuff:150
CGCDG53C,bsRxSuff,105,150,CBEC2,CBEB3,False,False,bsRxSuff:150
CGCDG67C,bsRxSuff,105,150,CBEC2,CBEB3,False,False,bsRxSuff:150
CGCDG28C,bsRxSuff,105,150,CBEC2,CBEB3,False,False,bsRxSuff:150
CGCDG53B,bsRxSuff,105,150,CBEC2,CBEB3,False,False,bsRxSuff:150
CGCDG53A,bsRxSuff,105,150,CBEC2,CBEB3,False,False,bsRxSuff:150
CGBYZ16B,bsRxSuff,105,150,CBEC2,CBEB3,False,False,bsRxSuff:150
CGBYZ78B,bsRxSuff,105,150,CBEC2,CBEB3,False,False,bsRxSuff:150
LXRGN10C,bsRxSuff,105,150,DBEA2,CBEA5,False,False,bsRxSuff:150
DA5IF4B,bsRxSuff,105,150,DBEA4,DBEA5,False,False,bsRxSuff:150
DA5XY2B,bsRxSuff,105,150,DBEA4,DBEA5,False,False,bsRxSuff:150
DA5704C,bsRxSuff,105,150,DBEA4,DBEA5,False,False,bsRxSuff:150
DA5W39A,bsRxSuff,105,150,DBEA4,DBEA5,False,False,bsRxSuff:150
DA5BD7B,bsRxSuff,105,150,DBEA4,DBEA5,False,False,bsRxSuff:150
DA5454B,bsRxSuff,105,150,DBEA4,DBEA5,False,False,bsRxSuff:150
DA5454A,bsRxSuff,105,150,DBEA4,DBEA5,False,False,bsRxSuff:150
DA5136A,bsRxSuff,105,150,DBEA4,DBEA5,False,False,bsRxSuff:150
DA5NQ5A,bsRxSuff,105,150,DBEA4,DBEA5,False,False,bsRxSuff:150
DA5IF4A,bsRxSuff,105,150,DBEA4,DBEA5,False,False,bsRxSuff:150
DA5RB6B,bsRxSuff,105,150,DBEA4,DBEA5,False,False,bsRxSuff:150
DA5YK0B,bsRxSuff,105,150,DBEA4,DBEA5,False,False,bsRxSuff:150
DA5ZD8B,bsRxSuff,105,150,DBEA4,DBEA5,False,False,bsRxSuff:150
DA5QU8B,bsRxSuff,105,150,DBEA4,DBEA5,False,False,bsRxSuff:150
DA5704B,bsRxSuff,105,150,DBEA4,DBEA5,False,False,bsRxSuff:150
DA5BN1C,bsRxSuff,105,150,DBEA4,DBEA5,False,False,bsRxSuff:150
DA5YK0C,bsRxSuff,105,150,DBEA4,DBEA5,False,False,bsRxSuff:150
DA5C52B,bsRxSuff,105,150,DBEA4,DBEA5,False,False,bsRxSuff:150
DA5C19A,bsRxSuff,105,150,DBEA4,DBEA5,False,False,bsRxSuff:150
DA5136C,bsRxSuff,105,150,DBEA4,DBEA5,False,False,bsRxSuff:150
DA5A6TB,bsRxSuff,105,150,DBEA4,DBEA5,False,False,bsRxSuff:150
DA5BN1B,bsRxSuff,105,150,DBEA4,DBEA5,False,False,bsRxSuff:150
DA5BN1A,bsRxSuff,105,150,DBEA4,DBEA5,False,False,bsRxSuff:150
DA5QU8A,bsRxSuff,105,150,DBEA4,DBEA5,False,False,bsRxSuff:150
DA5731C,bsRxSuff,105,150,DBEA4,DBEA5,False,False,bsRxSuff:150
DA5V89C,bsRxSuff,105,150,DBEA4,DBEA5,False,False,bsRxSuff:150
DA5731B,bsRxSuff,105,150,DBEA4,DBEA5,False,False,bsRxSuff:150
DA5161B,bsRxSuff,105,150,DBEA4,DBEA5,False,False,bsRxSuff:150
DA5C12B,bsRxSuff,105,150,DBEA4,DBEA5,False,False,bsRxSuff:150
DA5WD7C,bsRxSuff,105,150,DBEA4,DBEA5,False,False,bsRxSuff:150
DA5161A,bsRxSuff,105,150,DBEA4,DBEA5,False,False,bsRxSuff:150
DA5161C,bsRxSuff,105,150,DBEA4,DBEA5,False,False,bsRxSuff:150
DA5136B,bsRxSuff,105,150,DBEA4,DBEA5,False,False,bsRxSuff:150
DA5WD7A,bsRxSuff,105,150,DBEA4,DBEA5,False,False,bsRxSuff:150
DA5WD7B,bsRxSuff,105,150,DBEA4,DBEA5,False,False,bsRxSuff:150
DA5XY2C,bsRxSuff,105,150,DBEA4,DBEA5,False,False,bsRxSuff:150
DA5NF3A,bsRxSuff,105,150,DBEA4,DBEA5,False,False,bsRxSuff:150
DA5NF3B,bsRxSuff,105,150,DBEA4,DBEA5,False,False,bsRxSuff:150
DA5BD7A,bsRxSuff,105,150,DBEA4,DBEA5,False,False,bsRxSuff:150
DA5704A,bsRxSuff,105,150,DBEA4,DBEA5,False,False,bsRxSuff:150
DA5V89A,bsRxSuff,105,150,DBEA4,DBEA5,False,False,bsRxSuff:150
DA5V89B,bsRxSuff,105,150,DBEA4,DBEA5,False,False,bsRxSuff:150
DA5748B,bsRxSuff,105,150,DBEA4,DBEA5,False,False,bsRxSuff:150
DA5ZM5C,bsRxSuff,105,150,DBEA4,DBEA5,False,False,bsRxSuff:150
DA5ZH2B,bsRxSuff,105,150,DBEA4,DBEA5,False,False,bsRxSuff:150
DA5530A,bsRxSuff,105,150,DBEA4,DBEA5,False,False,bsRxSuff:150
DA5C19B,bsRxSuff,105,150,DBEA4,DBEA5,False,False,bsRxSuff:150
DA5XY2A,bsRxSuff,105,150,DBEA4,DBEA5,False,False,bsRxSuff:150
NOSNM33A,bsRxSuff,105,150,DBEA4,CBEA5,False,False,bsRxSuff:150
NOCTK21A,bsRxSuff,105,150,DBEA5,CBEA5,False,False,bsRxSuff:150
LXRGN10B,bsRxSuff,105,150,DBEA5,CBEA5,False,False,bsRxSuff:150
CMMHG27B,bsRxSuff,105,150,DBEA5,CBEA5,False,False,bsRxSuff:150
CMNKT79A,bsRxSuff,105,150,DBEA5,DBEA4,False,False,bsRxSuff:150
CMNKT39A,bsRxSuff,105,150,DBEA5,DBEA4,False,False,bsRxSuff:150
LXRGN41B,bsRxSuff,105,150,DBEA5,CBEA5,False,False,bsRxSuff:150
CGPCHD0A,bsRxSuff,105,150,CBEC3,CBEC2,False,False,bsRxSuff:150
CGPCHD0B,bsRxSuff,105,150,CBEC3,CBEC2,False,False,bsRxSuff:150
DA4YM6B,bsRxSuff,105,150,CBEA5,DBEA4,False,False,bsRxSuff:150
DA5A8AB,bsRxSuff,105,150,CBEA5,DBEA5,False,False,bsRxSuff:150
DA5452B,bsRxSuff,105,150,CBEA5,DBEA5,False,False,bsRxSuff:150
DA5C83B,bsRxSuff,105,150,CBEA5,DBEA5,False,False,bsRxSuff:150
DA5C83A,bsRxSuff,105,150,CBEA5,DBEA5,False,False,bsRxSuff:150
DA5NV9B,bsRxSuff,105,150,CBEA5,DBEA5,False,False,bsRxSuff:150
DA5E26B,bsRxSuff,105,150,CBEA5,DBEA5,False,False,bsRxSuff:150
DA2523A,bsRxSuff,105,150,CBEA5,DBEA2,False,False,bsRxSuff:150
DA2523B,bsRxSuff,105,150,CBEA5,DBEA2,False,False,bsRxSuff:150
DA2SG9A,bsRxSuff,105,150,CBEA5,DBEA2,False,False,bsRxSuff:150
DA4X61C,bsRxSuff,105,150,CBEA5,DBEA4,False,False,bsRxSuff:150
DA4072C,bsRxSuff,105,150,CBEA5,DBEA4,False,False,bsRxSuff:150
DA4072A,bsRxSuff,105,150,CBEA5,DBEA4,False,False,bsRxSuff:150
DA4777C,bsRxSuff,105,150,CBEA5,DBEA4,False,False,bsRxSuff:150
DA4V99B,bsRxSuff,105,150,CBEA5,DBEA4,False,False,bsRxSuff:150
DA4V99C,bsRxSuff,105,150,CBEA5,DBEA4,False,False,bsRxSuff:150
DA4V99A,bsRxSuff,105,150,CBEA5,DBEA4,False,False,bsRxSuff:150
DA4W72C,bsRxSuff,105,150,CBEA5,DBEA4,False,False,bsRxSuff:150
DA4GD7B,bsRxSuff,105,150,CBEA5,DBEA4,False,False,bsRxSuff:150
DA5NS7A,bsRxSuff,105,150,CBEA5,DBEA5,False,False,bsRxSuff:150
DA5SU4B,bsRxSuff,105,150,CBEA5,DBEA5,False,False,bsRxSuff:150
CA4217A,bsRxSuff,105,150,CBEA5,DBEA4,False,False,bsRxSuff:150
CGPCHD0A,bsRxSuff,105,150,CBEB3,CBEC2,False,False,bsRxSuff:150
CGPCHD0C,bsRxSuff,105,150,CBEB3,CBEC2,False,False,bsRxSuff:150
CGMIRF7B,bsTxPwr,80,43,CBEC5,CBEB0,False,False,bsTxPwr:43
CGCDG67B,bsTxPwr,42,40,CBEC2,CBEB3,False,False,bsTxPwr:40
CC3O52A,bsTxPwr,42,40,CBEC2,CBEC3,False,False,bsTxPwr:40
CC3L74A,bsTxPwr,42,40,CBEC2,CBEC3,False,False,bsTxPwr:40
CC3L74B,bsTxPwr,42,40,CBEC2,CBEC3,False,False,bsTxPwr:40
CC3L74C,bsTxPwr,42,40,CBEC2,CBEC3,False,False,bsTxPwr:40
CC3O12A,bsTxPwr,42,40,CBEC2,CBEC3,False,False,bsTxPwr:40
CC3O12C,bsTxPwr,42,40,CBEC2,CBEC3,False,False,bsTxPwr:40
CC3O52C,bsTxPwr,42,40,CBEC2,CBEC3,False,False,bsTxPwr:40
CC3O68C,bsTxPwr,42,40,CBEC2,CBEC3,False,False,bsTxPwr:40
CC3B44C,bsTxPwr,42,43,CBEC2,CBEC3,False,False,bsTxPwr:43
CC3G60A,bsTxPwr,42,43,CBEC2,CBEC3,False,False,bsTxPwr:43
CC3885C,bsTxPwr,42,43,CBEC2,CBEC3,False,False,bsTxPwr:43
CC3063C,bsTxPwr,42,43,CBEC2,CBEC3,False,False,bsTxPwr:43
CC3B44A,bsTxPwr,42,40,CBEC2,CBEC3,False,False,bsTxPwr:40
CGCDG53C,bsTxPwr,42,41,CBEC2,CBEB3,False,False,bsTxPwr:41
CGCDG67C,bsTxPwr,42,40,CBEC2,CBEB3,False,False,bsTxPwr:40
CGCDG28C,bsTxPwr,42,43,CBEC2,CBEB3,False,False,bsTxPwr:43
CGCDG53B,bsTxPwr,42,43,CBEC2,CBEB3,False,False,bsTxPwr:43
CGCDG53A,bsTxPwr,42,43,CBEC2,CBEB3,False,False,bsTxPwr:43
CGBYZ16B,bsTxPwr,42,43,CBEC2,CBEB3,False,False,bsTxPwr:43
CGBYZ78B,bsTxPwr,42,40,CBEC2,CBEB3,False,False,bsTxPwr:40
CC0XI7A,bsTxPwr,80,40,CBEC4,CBEC0,False,False,bsTxPwr:40
LXRGN10C,bsTxPwr,42,43,DBEA2,CBEA5,False,False,bsTxPwr:43
DA5IF4B,bsTxPwr,42,40,DBEA4,DBEA5,False,False,bsTxPwr:40
DA5XY2B,bsTxPwr,42,40,DBEA4,DBEA5,False,False,bsTxPwr:40
DA5704C,bsTxPwr,42,43,DBEA4,DBEA5,False,False,bsTxPwr:43
DA5W39A,bsTxPwr,42,43,DBEA4,DBEA5,False,False,bsTxPwr:43
DA5BD7B,bsTxPwr,42,43,DBEA4,DBEA5,False,False,bsTxPwr:43
DA5454B,bsTxPwr,42,43,DBEA4,DBEA5,False,False,bsTxPwr:43
DA5454A,bsTxPwr,42,43,DBEA4,DBEA5,False,False,bsTxPwr:43
DA5136A,bsTxPwr,42,43,DBEA4,DBEA5,False,False,bsTxPwr:43
DA5NQ5A,bsTxPwr,42,40,DBEA4,DBEA5,False,False,bsTxPwr:40
DA5IF4A,bsTxPwr,42,40,DBEA4,DBEA5,False,False,bsTxPwr:40
DA5RB6B,bsTxPwr,42,40,DBEA4,DBEA5,False,False,bsTxPwr:40
DA5YK0B,bsTxPwr,42,43,DBEA4,DBEA5,False,False,bsTxPwr:43
DA5ZD8B,bsTxPwr,42,43,DBEA4,DBEA5,False,False,bsTxPwr:43
DA5QU8B,bsTxPwr,42,40,DBEA4,DBEA5,False,False,bsTxPwr:40
DA5704B,bsTxPwr,42,43,DBEA4,DBEA5,False,False,bsTxPwr:43
DA5BN1C,bsTxPwr,42,43,DBEA4,DBEA5,False,False,bsTxPwr:43
DA5YK0C,bsTxPwr,42,43,DBEA4,DBEA5,False,False,bsTxPwr:43
DA5C52B,bsTxPwr,42,43,DBEA4,DBEA5,False,False,bsTxPwr:43
DA5C19A,bsTxPwr,42,43,DBEA4,DBEA5,False,False,bsTxPwr:43
DA5136C,bsTxPwr,42,43,DBEA4,DBEA5,False,False,bsTxPwr:43
DA5A6TB,bsTxPwr,42,43,DBEA4,DBEA5,False,False,bsTxPwr:43
DA5BN1B,bsTxPwr,42,43,DBEA4,DBEA5,False,False,bsTxPwr:43
DA5BN1A,bsTxPwr,42,43,DBEA4,DBEA5,False,False,bsTxPwr:43
DA5QU8A,bsTxPwr,42,40,DBEA4,DBEA5,False,False,bsTxPwr:40
DA5731C,bsTxPwr,42,41,DBEA4,DBEA5,False,False,bsTxPwr:41
DA5V89C,bsTxPwr,42,43,DBEA4,DBEA5,False,False,bsTxPwr:43
DA5731B,bsTxPwr,42,43,DBEA4,DBEA5,False,False,bsTxPwr:43
DA5161B,bsTxPwr,42,43,DBEA4,DBEA5,False,False,bsTxPwr:43
DA5C12B,bsTxPwr,42,43,DBEA4,DBEA5,False,False,bsTxPwr:43
DA5WD7C,bsTxPwr,42,40,DBEA4,DBEA5,False,False,bsTxPwr:40
DA5161A,bsTxPwr,42,43,DBEA4,DBEA5,False,False,bsTxPwr:43
DA5161C,bsTxPwr,42,43,DBEA4,DBEA5,False,False,bsTxPwr:43
DA5136B,bsTxPwr,42,43,DBEA4,DBEA5,False,False,bsTxPwr:43
DA5WD7A,bsTxPwr,42,40,DBEA4,DBEA5,False,False,bsTxPwr:40
DA5WD7B,bsTxPwr,42,43,DBEA4,DBEA5,False,False,bsTxPwr:43
DA5XY2C,bsTxPwr,42,40,DBEA4,DBEA5,False,False,bsTxPwr:40
DA5NF3A,bsTxPwr,42,40,DBEA4,DBEA5,False,False,bsTxPwr:40
DA5NF3B,bsTxPwr,42,40,DBEA4,DBEA5,False,False,bsTxPwr:40
DA5BD7A,bsTxPwr,42,43,DBEA4,DBEA5,False,False,bsTxPwr:43
DA5704A,bsTxPwr,42,43,DBEA4,DBEA5,False,False,bsTxPwr:43
DA5V89A,bsTxPwr,42,43,DBEA4,DBEA5,False,False,bsTxPwr:43
DA5V89B,bsTxPwr,42,43,DBEA4,DBEA5,False,False,bsTxPwr:43
DA5748B,bsTxPwr,42,43,DBEA4,DBEA5,False,False,bsTxPwr:43
DA5ZM5C,bsTxPwr,42,43,DBEA4,DBEA5,False,False,bsTxPwr:43
DA5ZH2B,bsTxPwr,42,43,DBEA4,DBEA5,False,False,bsTxPwr:43
DA5530A,bsTxPwr,42,43,DBEA4,DBEA5,False,False,bsTxPwr:43
DA5C19B,bsTxPwr,42,43,DBEA4,DBEA5,False,False,bsTxPwr:43
DA5XY2A,bsTxPwr,42,40,DBEA4,DBEA5,False,False,bsTxPwr:40
NOSNM33A,bsTxPwr,42,43,DBEA4,CBEA5,False,False,bsTxPwr:43
LXRGN10B,bsTxPwr,42,43,DBEA5,CBEA5,False,False,bsTxPwr:43
CMMHG27B,bsTxPwr,42,40,DBEA5,CBEA5,False,False,bsTxPwr:40
CMNKT79A,bsTxPwr,42,40,DBEA5,DBEA4,False,False,bsTxPwr:40
CMNKT39A,bsTxPwr,42,40,DBEA5,DBEA4,False,False,bsTxPwr:40
LXRGN41B,bsTxPwr,42,40,DBEA5,CBEA5,False,False,bsTxPwr:40
CMBRRC8A,bsTxPwr,80,43,DBEA5,DBEA1,False,False,bsTxPwr:43
CGPCHD0A,bsTxPwr,42,43,CBEC3,CBEC2,False,False,bsTxPwr:43
CGPCHD0B,bsTxPwr,42,43,CBEC3,CBEC2,False,False,bsTxPwr:43
DA4YM6B,bsTxPwr,42,43,CBEA5,DBEA4,False,False,bsTxPwr:43
DA5A8AB,bsTxPwr,42,43,CBEA5,DBEA5,False,False,bsTxPwr:43
DA5452B,bsTxPwr,42,43,CBEA5,DBEA5,False,False,bsTxPwr:43
DA5C83B,bsTxPwr,42,43,CBEA5,DBEA5,False,False,bsTxPwr:43
DA5C83A,bsTxPwr,42,43,CBEA5,DBEA5,False,False,bsTxPwr:43
DA5NV9B,bsTxPwr,42,40,CBEA5,DBEA5,False,False,bsTxPwr:40
DA5E26B,bsTxPwr,42,43,CBEA5,DBEA5,False,False,bsTxPwr:43
DA2523A,bsTxPwr,42,43,CBEA5,DBEA2,False,False,bsTxPwr:43
DA2523B,bsTxPwr,42,43,CBEA5,DBEA2,False,False,bsTxPwr:43
DA2SG9A,bsTxPwr,42,40,CBEA5,DBEA2,False,False,bsTxPwr:40
DA4X61C,bsTxPwr,42,43,CBEA5,DBEA4,False,False,bsTxPwr:43
DA4072C,bsTxPwr,42,43,CBEA5,DBEA4,False,False,bsTxPwr:43
DA4072A,bsTxPwr,42,41,CBEA5,DBEA4,False,False,bsTxPwr:41
DA4777C,bsTxPwr,42,43,CBEA5,DBEA4,False,False,bsTxPwr:43
DA4V99B,bsTxPwr,42,43,CBEA5,DBEA4,False,False,bsTxPwr:43
DA4V99C,bsTxPwr,42,43,CBEA5,DBEA4,False,False,bsTxPwr:43
DA4V99A,bsTxPwr,42,43,CBEA5,DBEA4,False,False,bsTxPwr:43
DA4W72C,bsTxPwr,42,43,CBEA5,DBEA4,False,False,bsTxPwr:43
DA4GD7B,bsTxPwr,42,40,CBEA5,DBEA4,False,False,bsTxPwr:40
DA5NS7A,bsTxPwr,42,40,CBEA5,DBEA5,False,False,bsTxPwr:40
DA5SU4B,bsTxPwr,42,40,CBEA5,DBEA5,False,False,bsTxPwr:40
CA4217A,bsTxPwr,42,43,CBEA5,DBEA4,False,False,bsTxPwr:43
CGPCHD0A,bsTxPwr,42,43,CBEB3,CBEC2,False,False,bsTxPwr:43
CGPCHD0C,bsTxPwr,42,43,CBEB3,CBEC2,False,False,bsTxPwr:43
CGMIRF7C,bsTxPwr,80,43,CBEA8,CBEB0,False,False,bsTxPwr:43
CGMIRF7B,cgi,,470-02-1133-15118,CBEC5,CBEB0,False,False,cgi:470-02-1133-15118
CC0XI7A,cgi,,470-02-1530-6517,CBEC4,CBEC0,False,False,cgi:470-02-1530-6517
CMBRRC8A,cgi,,470-02-1897-17908,DBEA5,DBEA1,False,False,cgi:470-02-1897-17908
CGMIRF7C,cgi,,470-02-1133-15119,CBEA8,CBEB0,False,False,cgi:470-02-1133-15119
CGMIRF7B,layer,2,3,CBEC5,CBEB0,False,False,layer:3
CGCDG67B,layer,2,3,CBEC2,CBEB3,False,False,layer:3
CC3O52A,layer,2,3,CBEC2,CBEC3,False,False,layer:3
CC0XI7A,layer,2,3,CBEC4,CBEC0,False,False,layer:3
LXRGN10C,layer,2,3,DBEA2,CBEA5,False,False,layer:3
NOSNM33A,layer,2,3,DBEA4,CBEA5,False,False,layer:3
NOCTK21A,layer,2,3,DBEA5,CBEA5,False,False,layer:3
LXRGN10B,layer,2,3,DBEA5,CBEA5,False,False,layer:3
CMMHG27B,layer,2,3,DBEA5,CBEA5,False,False,layer:3
CMNKT79A,layer,2,3,DBEA5,DBEA4,False,False,layer:3
CMNKT39A,layer,2,3,DBEA5,DBEA4,False,False,layer:3
LXRGN41B,layer,2,3,DBEA5,CBEA5,False,False,layer:3
CMBRRC8A,layer,2,3,DBEA5,DBEA1,False,False,layer:3
DA5NS7A,layer,2,3,CBEA5,DBEA5,False,False,layer:3
DA5SU4B,layer,2,3,CBEA5,DBEA5,False,False,layer:3
CA4217A,layer,2,3,CBEA5,DBEA4,False,False,layer:3
CGMIRF7C,layer,2,3,CBEA8,CBEB0,False,False,layer:3
CGMIRF7B,layerThr,-75,-80,CBEC5,CBEB0,False,False,layerThr:-80
LXRGN10C,layerThr,-75,-80,DBEA2,CBEA5,False,False,layerThr:-80
NOCTK21A,layerThr,-75,-80,DBEA5,CBEA5,False,False,layerThr:-80
LXRGN10B,layerThr,-75,-80,DBEA5,CBEA5,False,False,layerThr:-80
CA4217A,layerThr,-75,-80,CBEA5,DBEA4,False,False,layerThr:-80
CGMIRF7C,layerThr,-75,-80,CBEA8,CBEB0,False,False,layerThr:-80
CGMIRF7B,msRxMin,150,98,CBEC5,CBEB0,False,False,msRxMin:98
CGCDG67B,msRxMin,102,98,CBEC2,CBEB3,False,False,msRxMin:98
CC3O52A,msRxMin,102,98,CBEC2,CBEC3,False,False,msRxMin:98
CC3L74A,msRxMin,102,98,CBEC2,CBEC3,False,False,msRxMin:98
CC3L74B,msRxMin,102,98,CBEC2,CBEC3,False,False,msRxMin:98
CC3L74C,msRxMin,102,98,CBEC2,CBEC3,False,False,msRxMin:98
CC3O12A,msRxMin,102,98,CBEC2,CBEC3,False,False,msRxMin:98
CC3O12C,msRxMin,102,98,CBEC2,CBEC3,False,False,msRxMin:98
CC3O52C,msRxMin,102,98,CBEC2,CBEC3,False,False,msRxMin:98
CC3O68C,msRxMin,102,98,CBEC2,CBEC3,False,False,msRxMin:98
CC3B44C,msRxMin,102,98,CBEC2,CBEC3,False,False,msRxMin:98
CC3G60A,msRxMin,102,98,CBEC2,CBEC3,False,False,msRxMin:98
CC3885C,msRxMin,102,98,CBEC2,CBEC3,False,False,msRxMin:98
CC3063A,msRxMin,102,98,CBEC2,CBEC3,False,False,msRxMin:98
CC3063B,msRxMin,102,98,CBEC2,CBEC3,False,False,msRxMin:98
CC3063C,msRxMin,102,98,CBEC2,CBEC3,False,False,msRxMin:98
CC3B44A,msRxMin,102,98,CBEC2,CBEC3,False,False,msRxMin:98
CC3885B,msRxMin,102,98,CBEC2,CBEC3,False,False,msRxMin:98
CGCDG53C,msRxMin,102,98,CBEC2,CBEB3,False,False,msRxMin:98
CGCDG67C,msRxMin,102,98,CBEC2,CBEB3,False,False,msRxMin:98
CGCDG28C,msRxMin,102,98,CBEC2,CBEB3,False,False,msRxMin:98
CGCDG53B,msRxMin,102,98,CBEC2,CBEB3,False,False,msRxMin:98
CGCDG53A,msRxMin,102,98,CBEC2,CBEB3,False,False,msRxMin:98
CGBYZ16B,msRxMin,102,98,CBEC2,CBEB3,False,False,msRxMin:98
CGBYZ78B,msRxMin,102,98,CBEC2,CBEB3,False,False,msRxMin:98
CC0XI7A,msRxMin,150,98,CBEC4,CBEC0,False,False,msRxMin:98
LXRGN10C,msRxMin,102,98,DBEA2,CBEA5,False,False,msRxMin:98
DA5IF4B,msRxMin,102,98,DBEA4,DBEA5,False,False,msRxMin:98
DA5XY2B,msRxMin,102,98,DBEA4,DBEA5,False,False,msRxMin:98
DA5704C,msRxMin,102,98,DBEA4,DBEA5,False,False,msRxMin:98
DA5W39A,msRxMin,102,98,DBEA4,DBEA5,False,False,msRxMin:98
DA5BD7B,msRxMin,102,98,DBEA4,DBEA5,False,False,msRxMin:98
DA5454B,msRxMin,102,98,DBEA4,DBEA5,False,False,msRxMin:98
DA5454A,msRxMin,102,98,DBEA4,DBEA5,False,False,msRxMin:98
DA5136A,msRxMin,102,98,DBEA4,DBEA5,False,False,msRxMin:98
DA5NQ5A,msRxMin,102,98,DBEA4,DBEA5,False,False,msRxMin:98
DA5IF4A,msRxMin,102,98,DBEA4,DBEA5,False,False,msRxMin:98
DA5RB6B,msRxMin,102,98,DBEA4,DBEA5,False,False,msRxMin:98
DA5YK0B,msRxMin,102,98,DBEA4,DBEA5,False,False,msRxMin:98
DA5ZD8B,msRxMin,102,98,DBEA4,DBEA5,False,False,msRxMin:98
DA5QU8B,msRxMin,102,98,DBEA4,DBEA5,False,False,msRxMin:98
DA5704B,msRxMin,102,98,DBEA4,DBEA5,False,False,msRxMin:98
DA5BN1C,msRxMin,102,98,DBEA4,DBEA5,False,False,msRxMin:98
DA5YK0C,msRxMin,102,98,DBEA4,DBEA5,False,False,msRxMin:98
DA5C52B,msRxMin,102,98,DBEA4,DBEA5,False,False,msRxMin:98
DA5C19A,msRxMin,102,98,DBEA4,DBEA5,False,False,msRxMin:98
DA5136C,msRxMin,102,98,DBEA4,DBEA5,False,False,msRxMin:98
DA5A6TB,msRxMin,102,98,DBEA4,DBEA5,False,False,msRxMin:98
DA5BN1B,msRxMin,102,98,DBEA4,DBEA5,False,False,msRxMin:98
DA5BN1A,msRxMin,102,98,DBEA4,DBEA5,False,False,msRxMin:98
DA5QU8A,msRxMin,102,98,DBEA4,DBEA5,False,False,msRxMin:98
DA5731C,msRxMin,102,98,DBEA4,DBEA5,False,False,msRxMin:98
DA5V89C,msRxMin,102,98,DBEA4,DBEA5,False,False,msRxMin:98
DA5731B,msRxMin,102,98,DBEA4,DBEA5,False,False,msRxMin:98
DA5161B,msRxMin,102,98,DBEA4,DBEA5,False,False,msRxMin:98
DA5C12B,msRxMin,102,98,DBEA4,DBEA5,False,False,msRxMin:98
DA5WD7C,msRxMin,102,98,DBEA4,DBEA5,False,False,msRxMin:98
DA5161A,msRxMin,102,98,DBEA4,DBEA5,False,False,msRxMin:98
DA5161C,msRxMin,102,98,DBEA4,DBEA5,False,False,msRxMin:98
DA5136B,msRxMin,102,98,DBEA4,DBEA5,False,False,msRxMin:98
DA5WD7A,msRxMin,102,98,DBEA4,DBEA5,False,False,msRxMin:98
DA5WD7B,msRxMin,102,98,DBEA4,DBEA5,False,False,msRxMin:98
DA5XY2C,msRxMin,102,98,DBEA4,DBEA5,False,False,msRxMin:98
DA5NF3A,msRxMin,102,98,DBEA4,DBEA5,False,False,msRxMin:98
DA5NF3B,msRxMin,102,98,DBEA4,DBEA5,False,False,msRxMin:98
DA5BD7A,msRxMin,102,98,DBEA4,DBEA5,False,False,msRxMin:98
DA5704A,msRxMin,102,98,DBEA4,DBEA5,False,False,msRxMin:98
DA5V89A,msRxMin,102,98,DBEA4,DBEA5,False,False,msRxMin:98
DA5V89B,msRxMin,102,98,DBEA4,DBEA5,False,False,msRxMin:98
DA5748B,msRxMin,102,98,DBEA4,DBEA5,False,False,msRxMin:98
DA5ZM5C,msRxMin,102,98,DBEA4,DBEA5,False,False,msRxMin:98
DA5ZH2B,msRxMin,102,98,DBEA4,DBEA5,False,False,msRxMin:98
DA5530A,msRxMin,102,98,DBEA4,DBEA5,False,False,msRxMin:98
DA5C19B,msRxMin,102,98,DBEA4,DBEA5,False,False,msRxMin:98
DA5XY2A,msRxMin,102,98,DBEA4,DBEA5,False,False,msRxMin:98
NOSNM33A,msRxMin,102,98,DBEA4,CBEA5,False,False,msRxMin:98
NOCTK21A,msRxMin,102,98,DBEA5,CBEA5,False,False,msRxMin:98
LXRGN10B,msRxMin,102,98,DBEA5,CBEA5,False,False,msRxMin:98
CMMHG27B,msRxMin,102,98,DBEA5,CBEA5,False,False,msRxMin:98
CMNKT79A,msRxMin,102,98,DBEA5,DBEA4,False,False,msRxMin:98
CMNKT39A,msRxMin,102,98,DBEA5,DBEA4,False,False,msRxMin:98
LXRGN41B,msRxMin,102,98,DBEA5,CBEA5,False,False,msRxMin:98
CMBRRC8A,msRxMin,150,98,DBEA5,DBEA1,False,False,msRxMin:98
CGPCHD0A,msRxMin,102,98,CBEC3,CBEC2,False,False,msRxMin:98
CGPCHD0B,msRxMin,102,98,CBEC3,CBEC2,False,False,msRxMin:98
DA4YM6B,msRxMin,102,98,CBEA5,DBEA4,False,False,msRxMin:98
DA5A8AB,msRxMin,102,98,CBEA5,DBEA5,False,False,msRxMin:98
DA5452B,msRxMin,102,98,CBEA5,DBEA5,False,False,msRxMin:98
DA5C83B,msRxMin,102,98,CBEA5,DBEA5,False,False,msRxMin:98
DA5C83A,msRxMin,102,98,CBEA5,DBEA5,False,False,msRxMin:98
DA5NV9B,msRxMin,102,98,CBEA5,DBEA5,False,False,msRxMin:98
DA5E26B,msRxMin,102,98,CBEA5,DBEA5,False,False,msRxMin:98
DA2523A,msRxMin,102,98,CBEA5,DBEA2,False,False,msRxMin:98
DA2523B,msRxMin,102,98,CBEA5,DBEA2,False,False,msRxMin:98
DA2SG9A,msRxMin,102,98,CBEA5,DBEA2,False,False,msRxMin:98
DA4X61C,msRxMin,102,98,CBEA5,DBEA4,False,False,msRxMin:98
DA4072C,msRxMin,102,98,CBEA5,DBEA4,False,False,msRxMin:98
DA4072A,msRxMin,102,98,CBEA5,DBEA4,False,False,msRxMin:98
DA4777C,msRxMin,102,98,CBEA5,DBEA4,False,False,msRxMin:98
DA4V99B,msRxMin,102,98,CBEA5,DBEA4,False,False,msRxMin:98
DA4V99C,msRxMin,102,98,CBEA5,DBEA4,False,False,msRxMin:98
DA4V99A,msRxMin,102,98,CBEA5,DBEA4,False,False,msRxMin:98
DA4W72C,msRxMin,102,98,CBEA5,DBEA4,False,False,msRxMin:98
DA4GD7B,msRxMin,102,98,CBEA5,DBEA4,False,False,msRxMin:98
DA5NS7A,msRxMin,102,98,CBEA5,DBEA5,False,False,msRxMin:98
DA5SU4B,msRxMin,102,98,CBEA5,DBEA5,False,False,msRxMin:98
CA4217A,msRxMin,102,98,CBEA5,DBEA4,False,False,msRxMin:98
CGPCHD0A,msRxMin,102,98,CBEB3,CBEC2,False,False,msRxMin:98
CGPCHD0C,msRxMin,102,98,CBEB3,CBEC2,False,False,msRxMin:98
CGMIRF7C,msRxMin,150,98,CBEA8,CBEB0,False,False,msRxMin:98
CGMIRF7B,msTxPwr,39,33,CBEC5,CBEB0,False,False,msTxPwr:33
CC3G60A,msTxPwr,33,37,CBEC2,CBEC3,False,False,msTxPwr:37
CC3885C,msTxPwr,33,37,CBEC2,CBEC3,False,False,msTxPwr:37
CC3063B,msTxPwr,33,37,CBEC2,CBEC3,False,False,msTxPwr:37
CC3885B,msTxPwr,33,37,CBEC2,CBEC3,False,False,msTxPwr:37
CC0XI7A,msTxPwr,39,33,CBEC4,CBEC0,False,False,msTxPwr:33
CMBRRC8A,msTxPwr,39,33,DBEA5,DBEA1,False,False,msTxPwr:33
CGMIRF7C,msTxPwr,39,33,CBEA8,CBEB0,False,False,msTxPwr:33
CGMIRF7B,ncc,,5,CBEC5,CBEB0,False,False,ncc:5
CC0XI7A,ncc,,5,CBEC4,CBEC0,False,False,ncc:5
CMBRRC8A,ncc,,1,DBEA5,DBEA1,False,False,ncc:1
CGMIRF7C,ncc,,7,CBEA8,CBEB0,False,False,ncc:7
